{
    "robots": {
        "1": {
            "motor_temp": 96.03760242462158,
            "task": "observing",
            "risk_level": 6.694419370428317,
            "battery": 39.679725431475916,
            "gpu_load": 0.03875762024838553,
            "goal_x": -22.1875,
            "cpu_temp": 79.91406824814382,
            "ram": 6.0595104672204965,
            "has_become_skynet": true,
            "cellular_strength": -53.086607556870334,
            "y": -6.75,
            "cpu_load": 0.6447379327507051,
            "wifi_strength": -58.5,
            "x": -19.63561987876892,
            "gpu_temp": 20.7393814727431,
            "flux_capacitor_charge": 0.5273987079381348,
            "goal_y": -6.75
        },
        "0": {
            "motor_temp": 45.0,
            "task": "reporting",
            "risk_level": 1.9571004928254379,
            "battery": 62.99959833330727,
            "gpu_load": 0.31282534874074064,
            "goal_x": 29.6875,
            "cpu_temp": 68.0719673564347,
            "ram": 1.288609558720861,
            "has_become_skynet": false,
            "cellular_strength": -61.59293119361024,
            "y": 15.875,
            "cpu_load": 0.29795497505701396,
            "wifi_strength": -13.25,
            "x": 29.6875,
            "gpu_temp": 28.620403380014768,
            "flux_capacitor_charge": -0.4299740863161509,
            "goal_y": 15.875
        },
        "3": {
            "motor_temp": 45.0,
            "task": "observing",
            "risk_level": 8.57233608935531,
            "battery": 58.26457792679499,
            "gpu_load": 0.16893639693152634,
            "goal_x": -10.4375,
            "cpu_temp": 35.48812724019224,
            "ram": 4.122914955379235,
            "has_become_skynet": false,
            "cellular_strength": -68.28878839696046,
            "y": 1.375,
            "cpu_load": 0.5859443733681198,
            "wifi_strength": -42.25,
            "x": -10.4375,
            "gpu_temp": 68.19569984842184,
            "flux_capacitor_charge": 0.5530800807234504,
            "goal_y": 1.375
        },
        "2": {
            "motor_temp": 45.0,
            "task": "observing",
            "risk_level": 9.873896893074685,
            "battery": 62.91592193850504,
            "gpu_load": 0.08971592686834506,
            "goal_x": 5,
            "cpu_temp": 64.25331274830332,
            "ram": 2.5164176868480848,
            "has_become_skynet": false,
            "cellular_strength": -61.30186991375706,
            "y": 5.0,
            "cpu_load": 0.0015745118412321402,
            "wifi_strength": -35.0,
            "x": 5.0,
            "gpu_temp": 39.76043729717541,
            "flux_capacitor_charge": 0.9998835623378546,
            "goal_y": 5
        },
        "5": {
            "motor_temp": 45.0,
            "task": "observing",
            "risk_level": 0.3323479042348785,
            "battery": 77.5071737589273,
            "gpu_load": 0.026089960383394284,
            "goal_x": 5,
            "cpu_temp": 32.16407163459347,
            "ram": 5.935765876061881,
            "has_become_skynet": false,
            "cellular_strength": -45.06192119091404,
            "y": 5.0,
            "cpu_load": 0.8871209365159475,
            "wifi_strength": -35.0,
            "x": 5.0,
            "gpu_temp": 64.11645266589277,
            "flux_capacitor_charge": -0.987723759838739,
            "goal_y": 5
        },
        "4": {
            "motor_temp": 45.0,
            "task": "reporting",
            "risk_level": 3.9863859597546107,
            "battery": 46.63717561110379,
            "gpu_load": 0.20135224557217601,
            "goal_x": 5.3125,
            "cpu_temp": 20.06509062251834,
            "ram": 7.459182680710704,
            "has_become_skynet": false,
            "cellular_strength": -70.16860254481799,
            "y": -7.125,
            "cpu_load": 0.16609647100965574,
            "wifi_strength": -59.25,
            "x": 5.3125,
            "gpu_temp": 79.90191987279835,
            "flux_capacitor_charge": -0.40222267644862025,
            "goal_y": -7.125
        }
    },
    "t0": 1460859494.084708
}