{
    "robots": {
        "1": {
            "motor_temp": 45.0,
            "task": "becoming_skynet",
            "risk_level": 2.9501846972883916,
            "battery": 39.835216680487726,
            "gpu_load": 0.25057441418800863,
            "goal_x": -42.4375,
            "cpu_temp": 69.94029094522162,
            "ram": 4.080418136575497,
            "has_become_skynet": false,
            "cellular_strength": -71.72039759500578,
            "wifi_strength": -56.5,
            "cpu_load": 0.5568080071186632,
            "y": -5.75,
            "x": -42.4375,
            "gpu_temp": 39.272423096321305,
            "flux_capacitor_charge": 0.12625595609159534,
            "goal_y": -5.75
        },
        "0": {
            "motor_temp": 45.0,
            "task": "observing",
            "risk_level": 7.730017438094041,
            "battery": 67.4342665001907,
            "gpu_load": 0.28408719518062,
            "goal_x": -4.4375,
            "cpu_temp": 41.913103309685454,
            "ram": 6.4536545808412695,
            "has_become_skynet": false,
            "cellular_strength": -68.01968201857181,
            "wifi_strength": -1.25,
            "cpu_load": 0.7700116920566132,
            "y": 21.875,
            "x": -4.4375,
            "gpu_temp": 20.6288713841364,
            "flux_capacitor_charge": -0.7665208959602208,
            "goal_y": 21.875
        },
        "3": {
            "motor_temp": 701.6166543960571,
            "task": "observing",
            "risk_level": 1.7061635710222252,
            "battery": 53.8332787194538,
            "gpu_load": 0.33271148708918546,
            "goal_x": -30.0625,
            "cpu_temp": 62.08285081004316,
            "ram": 1.7549854941128566,
            "has_become_skynet": false,
            "cellular_strength": -71.36550379295142,
            "wifi_strength": -50.5,
            "cpu_load": 0.6544772460495912,
            "y": -2.75,
            "x": 2.7683327198028564,
            "gpu_temp": 79.93949451508708,
            "flux_capacitor_charge": 0.8494799378129301,
            "goal_y": -2.75
        },
        "2": {
            "motor_temp": 45.0,
            "task": "observing",
            "risk_level": 0.054942692588195285,
            "battery": 80.20621368920033,
            "gpu_load": 0.15016779077296488,
            "goal_x": 5,
            "cpu_temp": 79.6344670450842,
            "ram": 2.359993964459366,
            "has_become_skynet": false,
            "cellular_strength": -66.36231507904178,
            "wifi_strength": -35.0,
            "cpu_load": 0.684857208508828,
            "y": 5.0,
            "x": 5.0,
            "gpu_temp": 67.77885954099281,
            "flux_capacitor_charge": 0.9029536643719719,
            "goal_y": 5
        },
        "5": {
            "motor_temp": 45.0,
            "task": "observing",
            "risk_level": 9.791254522757285,
            "battery": 81.46661692449754,
            "gpu_load": 0.2186879133325466,
            "goal_x": 5,
            "cpu_temp": 20.003228772637307,
            "ram": 7.281308384710272,
            "has_become_skynet": false,
            "cellular_strength": -63.000188130864686,
            "wifi_strength": -35.0,
            "cpu_load": 0.6288916486685856,
            "y": 5.0,
            "x": 5.0,
            "gpu_temp": 35.80912504313068,
            "flux_capacitor_charge": -0.8332727337538236,
            "goal_y": 5
        },
        "4": {
            "motor_temp": 45.0,
            "task": "reporting",
            "risk_level": 6.385722471953462,
            "battery": 47.121482670238294,
            "gpu_load": 0.1399819534139204,
            "goal_x": -14.1875,
            "cpu_temp": 33.42231726316988,
            "ram": 2.466107701738646,
            "has_become_skynet": false,
            "cellular_strength": -53.31367676721514,
            "wifi_strength": -54.0,
            "cpu_load": 0.15218554605975354,
            "y": -4.5,
            "x": -14.1875,
            "gpu_temp": 64.57389630506333,
            "flux_capacitor_charge": 0.014998274006128234,
            "goal_y": -4.5
        }
    },
    "t0": 1460929046.801348
}