{
    "robots": {
        "1": {
            "motor_temp": 377.702956199646,
            "task": "reporting",
            "risk_level": 9.457895971000617,
            "battery": 36.12129207285755,
            "gpu_load": 0.24451016140744986,
            "goal_x": -42.4375,
            "cpu_temp": 73.56058950598143,
            "ram": 6.610695155844134,
            "has_become_skynet": false,
            "cellular_strength": -64.74778573329269,
            "y": -5.75,
            "cpu_load": 0.6021741686206573,
            "wifi_strength": -56.5,
            "x": -25.8023521900177,
            "gpu_temp": 35.55704253953343,
            "flux_capacitor_charge": -0.5349218003402879,
            "goal_y": -5.75
        },
        "0": {
            "motor_temp": 45.0,
            "task": "observing",
            "risk_level": 9.313974480858132,
            "battery": 60.72972228361229,
            "gpu_load": 0.47923276449691254,
            "goal_x": 29.6875,
            "cpu_temp": 78.3571741460323,
            "ram": 7.3484565895324705,
            "has_become_skynet": false,
            "cellular_strength": -48.682347402136,
            "y": 15.875,
            "cpu_load": 0.29082630995726955,
            "wifi_strength": -13.25,
            "x": 29.6875,
            "gpu_temp": 64.32249958353073,
            "flux_capacitor_charge": 0.4219406762475626,
            "goal_y": 15.875
        },
        "3": {
            "motor_temp": 45.0,
            "task": "reporting",
            "risk_level": 1.0859166400963796,
            "battery": 56.19974181193301,
            "gpu_load": 0.17802875212105845,
            "goal_x": -10.4375,
            "cpu_temp": 23.308366767770185,
            "ram": 4.25597168187537,
            "has_become_skynet": false,
            "cellular_strength": -54.32308585487895,
            "y": 1.375,
            "cpu_load": 0.46745744889186824,
            "wifi_strength": -42.25,
            "x": -10.4375,
            "gpu_temp": 32.10086555309541,
            "flux_capacitor_charge": -0.5456608109491027,
            "goal_y": 1.375
        },
        "2": {
            "motor_temp": 45.0,
            "task": "reporting",
            "risk_level": 5.503248464045714,
            "battery": 60.31836518056895,
            "gpu_load": 0.4093596600038966,
            "goal_x": 5,
            "cpu_temp": 47.102507529356615,
            "ram": 1.2344316525137398,
            "has_become_skynet": false,
            "cellular_strength": -55.69648387179717,
            "y": 5.0,
            "cpu_load": 0.0784625897252853,
            "wifi_strength": -35.0,
            "x": 5.0,
            "gpu_temp": 20.070373977578186,
            "flux_capacitor_charge": -0.999979640613551,
            "goal_y": 5
        },
        "5": {
            "motor_temp": 45.0,
            "task": "observing",
            "risk_level": 3.7997708454107855,
            "battery": 75.52372409970363,
            "gpu_load": 0.4900952414199853,
            "goal_x": 5,
            "cpu_temp": 48.6546879577566,
            "ram": 6.563251733792033,
            "has_become_skynet": false,
            "cellular_strength": -65.93909880999938,
            "y": 5.0,
            "cpu_load": 0.6446990929131815,
            "wifi_strength": -35.0,
            "x": 5.0,
            "gpu_temp": 79.34029381448924,
            "flux_capacitor_charge": 0.9890718409487227,
            "goal_y": 5
        },
        "4": {
            "motor_temp": 45.0,
            "task": "reporting",
            "risk_level": 0.2671750065222023,
            "battery": 44.47612505891778,
            "gpu_load": 0.403105513360208,
            "goal_x": 5.3125,
            "cpu_temp": 24.054390505122512,
            "ram": 3.8983233816803167,
            "has_become_skynet": false,
            "cellular_strength": -68.47767014609947,
            "y": -7.125,
            "cpu_load": 0.022040396227791414,
            "wifi_strength": -59.25,
            "x": 5.3125,
            "gpu_temp": 60.58773879300901,
            "flux_capacitor_charge": 0.41033605185819255,
            "goal_y": -7.125
        }
    },
    "t0": 1460882223.551953
}