{
    "robots": {
        "1": {
            "motor_temp": 185.0,
            "task": "reporting",
            "risk_level": 1.2497600705152272,
            "battery": 52.80226172774383,
            "gpu_load": 0.32897506804074794,
            "goal_x": -36.4375,
            "cpu_temp": 64.42511848267797,
            "ram": 1.4189939403890373,
            "has_become_skynet": false,
            "cellular_strength": -57.294056699465735,
            "wifi_strength": -53.75,
            "cpu_load": 0.8894097275951428,
            "y": -4.375,
            "x": -29.4375,
            "gpu_temp": 22.58680274005861,
            "flux_capacitor_charge": 0.9395789356835363,
            "goal_y": -6.75
        },
        "0": {
            "motor_temp": 45.0,
            "task": "reporting",
            "risk_level": 0.1910619596210692,
            "battery": 78.41138143309422,
            "gpu_load": 0.42919369358684506,
            "goal_x": 29.6875,
            "cpu_temp": 79.92822613785034,
            "ram": 2.471198485272258,
            "has_become_skynet": false,
            "cellular_strength": -58.083877737131424,
            "wifi_strength": -13.25,
            "cpu_load": 0.5272392282969747,
            "y": 15.875,
            "x": 29.6875,
            "gpu_temp": 24.933798746700525,
            "flux_capacitor_charge": 0.21959394330616253,
            "goal_y": 15.875
        },
        "3": {
            "motor_temp": 90.0,
            "task": "reporting",
            "risk_level": 9.567621660398459,
            "battery": 72.19392112904377,
            "gpu_load": 0.19572981850587828,
            "goal_x": -10.4375,
            "cpu_temp": 20.078604450262326,
            "ram": 2.703941566470115,
            "has_become_skynet": false,
            "cellular_strength": -61.264189553321515,
            "wifi_strength": -42.25,
            "cpu_load": 0.482127893918712,
            "y": 1.375,
            "x": -8.1875,
            "gpu_temp": 72.48928605181854,
            "flux_capacitor_charge": -0.07972089570452717,
            "goal_y": 1.375
        },
        "2": {
            "motor_temp": 45.0,
            "task": "reporting",
            "risk_level": 5.756411477460146,
            "battery": 75.67688649391921,
            "gpu_load": 0.297673106353739,
            "goal_x": 5,
            "cpu_temp": 35.65962341937372,
            "ram": 6.789534309711034,
            "has_become_skynet": false,
            "cellular_strength": -63.185617422539295,
            "wifi_strength": -35.0,
            "cpu_load": 0.19236256729612666,
            "y": 5.0,
            "x": 5.0,
            "gpu_temp": 45.44337387177046,
            "flux_capacitor_charge": 0.795719387683732,
            "goal_y": 5
        },
        "5": {
            "motor_temp": 45.0,
            "task": "observing",
            "risk_level": 4.948637320446723,
            "battery": 91.5109881530724,
            "gpu_load": 0.039557170475419845,
            "goal_x": 5,
            "cpu_temp": 60.47826972352018,
            "ram": 7.674684154703997,
            "has_become_skynet": false,
            "cellular_strength": -48.807872597930285,
            "wifi_strength": -35.0,
            "cpu_load": 0.14551973930075401,
            "y": 5.0,
            "x": 5.0,
            "gpu_temp": 58.695506766605284,
            "flux_capacitor_charge": -0.873227738575249,
            "goal_y": 5
        },
        "4": {
            "motor_temp": 45.0,
            "task": "observing",
            "risk_level": 9.17938155343295,
            "battery": 58.9846718171986,
            "gpu_load": 0.08122386662024927,
            "goal_x": 5.3125,
            "cpu_temp": 32.007178559994365,
            "ram": 3.127941545118593,
            "has_become_skynet": false,
            "cellular_strength": -68.17732009214134,
            "wifi_strength": -59.25,
            "cpu_load": 0.8673057217213453,
            "y": -7.125,
            "x": 5.3125,
            "gpu_temp": 78.85865235048102,
            "flux_capacitor_charge": -0.881866155233791,
            "goal_y": -7.125
        }
    },
    "t0": 1460856292.989513
}