{
    "robots": {
        "1": {
            "motor_temp": 45.0,
            "task": "reporting",
            "risk_level": 5.249615755732973,
            "battery": 34.55183296340773,
            "gpu_load": 0.39567884946469933,
            "goal_x": -42.4375,
            "cpu_temp": 54.91631400716264,
            "ram": 3.838036613693287,
            "has_become_skynet": false,
            "cellular_strength": -49.64880254423399,
            "wifi_strength": -56.5,
            "cpu_load": 0.8753652128842239,
            "y": -5.75,
            "x": -42.4375,
            "gpu_temp": 79.50945661945043,
            "flux_capacitor_charge": 0.863983611969142,
            "goal_y": -5.75
        },
        "0": {
            "motor_temp": 45.0,
            "task": "reporting",
            "risk_level": 0.9327593548345847,
            "battery": 61.798258870215065,
            "gpu_load": 0.2402406882086046,
            "goal_x": -4.4375,
            "cpu_temp": 77.55914383190049,
            "ram": 7.45760437538079,
            "has_become_skynet": false,
            "cellular_strength": -74.06187256933367,
            "wifi_strength": -1.25,
            "cpu_load": 0.6048108486635138,
            "y": 21.875,
            "x": -4.4375,
            "gpu_temp": 70.4904610038771,
            "flux_capacitor_charge": 0.04311492779748996,
            "goal_y": 21.875
        },
        "3": {
            "motor_temp": 45.0,
            "task": "reporting",
            "risk_level": 9.43694113973876,
            "battery": 47.42300467313112,
            "gpu_load": 0.45523592280239883,
            "goal_x": -30.0625,
            "cpu_temp": 21.043959043801255,
            "ram": 2.649591660441488,
            "has_become_skynet": false,
            "cellular_strength": -64.83785188168218,
            "wifi_strength": -50.5,
            "cpu_load": 0.7989082312649538,
            "y": -2.75,
            "x": -30.0625,
            "gpu_temp": 32.80683592123958,
            "flux_capacitor_charge": 0.09830532825743317,
            "goal_y": -2.75
        },
        "2": {
            "motor_temp": 45.0,
            "task": "observing",
            "risk_level": 9.336976581972502,
            "battery": 74.84180187186894,
            "gpu_load": 0.26267990700661425,
            "goal_x": 5,
            "cpu_temp": 27.753447756983125,
            "ram": 1.5368720441439494,
            "has_become_skynet": false,
            "cellular_strength": -69.99589830136938,
            "wifi_strength": -35.0,
            "cpu_load": 0.6963174891603742,
            "y": 5.0,
            "x": 5.0,
            "gpu_temp": 61.39759390893271,
            "flux_capacitor_charge": 0.890509747760933,
            "goal_y": 5
        },
        "5": {
            "motor_temp": 45.0,
            "task": "reporting",
            "risk_level": 1.0575462057707123,
            "battery": 74.81542586085781,
            "gpu_load": 0.14878483885109145,
            "goal_x": 5,
            "cpu_temp": 69.18361567854056,
            "ram": 4.177344674099292,
            "has_become_skynet": false,
            "cellular_strength": -61.54020821148673,
            "wifi_strength": -35.0,
            "cpu_load": 0.1519221323338219,
            "y": 5.0,
            "x": 5.0,
            "gpu_temp": 34.80030506377379,
            "flux_capacitor_charge": -0.9458025147092604,
            "goal_y": 5
        },
        "4": {
            "motor_temp": 45.0,
            "task": "observing",
            "risk_level": 5.457602475631624,
            "battery": 42.5729793533987,
            "gpu_load": 0.3506147184958796,
            "goal_x": -14.1875,
            "cpu_temp": 40.95652084812392,
            "ram": 6.692396310700348,
            "has_become_skynet": false,
            "cellular_strength": -66.66847714248058,
            "wifi_strength": -54.0,
            "cpu_load": 0.8305788691834568,
            "y": -4.5,
            "x": -14.1875,
            "gpu_temp": 20.023393697220243,
            "flux_capacitor_charge": -0.7842805566877019,
            "goal_y": -4.5
        }
    },
    "t0": 1460929082.799947
}