{
    "robots": {
        "1": {
            "motor_temp": 149.49625968933105,
            "task": "observing",
            "risk_level": 0.07865627913481532,
            "battery": 40.60606789283342,
            "gpu_load": 0.4433341774637466,
            "goal_x": -22.1875,
            "cpu_temp": 43.05458681161487,
            "ram": 1.6455185442344464,
            "has_become_skynet": false,
            "cellular_strength": -52.4889323016146,
            "y": -4.525187015533447,
            "cpu_load": 0.7275437908166592,
            "wifi_strength": -54.050374031066895,
            "x": -16.962687015533447,
            "gpu_temp": 79.49750768525004,
            "flux_capacitor_charge": -0.19448844197244675,
            "goal_y": -6.75
        },
        "0": {
            "motor_temp": 45.0,
            "task": "observing",
            "risk_level": 1.5976404965367594,
            "battery": 63.42571375757862,
            "gpu_load": 0.26148428429300735,
            "goal_x": 29.6875,
            "cpu_temp": 70.80566483564874,
            "ram": 6.5753449970089,
            "has_become_skynet": false,
            "cellular_strength": -49.30301697365334,
            "y": 15.875,
            "cpu_load": 0.5748940673790008,
            "wifi_strength": -13.25,
            "x": 29.6875,
            "gpu_temp": 61.33656070867655,
            "flux_capacitor_charge": -0.9304854899892223,
            "goal_y": 15.875
        },
        "3": {
            "motor_temp": 45.0,
            "task": "reporting",
            "risk_level": 7.85126489136033,
            "battery": 60.00975549986488,
            "gpu_load": 0.2413538586312748,
            "goal_x": -10.4375,
            "cpu_temp": 26.352512893692055,
            "ram": 5.956196123012082,
            "has_become_skynet": false,
            "cellular_strength": -71.5490299800613,
            "y": 1.375,
            "cpu_load": 0.7844332378265222,
            "wifi_strength": -42.25,
            "x": -10.4375,
            "gpu_temp": 42.696578883742205,
            "flux_capacitor_charge": 0.9728699694072309,
            "goal_y": 1.375
        },
        "2": {
            "motor_temp": 45.0,
            "task": "reporting",
            "risk_level": 3.0843327827569404,
            "battery": 64.07865549529502,
            "gpu_load": 0.008906150568928628,
            "goal_x": 5,
            "cpu_temp": 21.689089642568316,
            "ram": 3.626820233611285,
            "has_become_skynet": false,
            "cellular_strength": -63.463471709379924,
            "y": 5.0,
            "cpu_load": 0.555958716767116,
            "wifi_strength": -35.0,
            "x": 5.0,
            "gpu_temp": 70.53858213073099,
            "flux_capacitor_charge": 0.7203203826643926,
            "goal_y": 5
        },
        "5": {
            "motor_temp": 45.0,
            "task": "observing",
            "risk_level": 7.548253991470119,
            "battery": 79.19226619596832,
            "gpu_load": 0.25058005042215786,
            "goal_x": 5,
            "cpu_temp": 76.62706709154392,
            "ram": 3.131311972718886,
            "has_become_skynet": false,
            "cellular_strength": -71.13767448963813,
            "y": 5.0,
            "cpu_load": 0.11043657430642984,
            "wifi_strength": -35.0,
            "x": 5.0,
            "gpu_temp": 26.58108350175452,
            "flux_capacitor_charge": -0.6152250783086219,
            "goal_y": 5
        },
        "4": {
            "motor_temp": 45.0,
            "task": "reporting",
            "risk_level": 9.996757208128773,
            "battery": 47.742391235817436,
            "gpu_load": 0.3694205887934597,
            "goal_x": 5.3125,
            "cpu_temp": 52.75732673438112,
            "ram": 3.419912539656601,
            "has_become_skynet": false,
            "cellular_strength": -65.81028150054607,
            "y": -7.125,
            "cpu_load": 0.7661016861111085,
            "wifi_strength": -59.25,
            "x": 5.3125,
            "gpu_temp": 21.56930732958871,
            "flux_capacitor_charge": 0.3309673928967942,
            "goal_y": -7.125
        }
    },
    "t0": 1460857511.124977
}