{
    "robots": {
        "1": {
            "motor_temp": 45.0,
            "task": "observing",
            "risk_level": 7.1252481239421055,
            "battery": 13.245434115483802,
            "gpu_load": 0.18706730361442725,
            "goal_x": 5,
            "cpu_temp": 67.76865480018378,
            "ram": 1.7194085004330009,
            "has_become_skynet": false,
            "cellular_strength": -57.11351265685558,
            "y": 5.0,
            "cpu_load": 0.08152460212812351,
            "wifi_strength": -35.0,
            "x": 5.0,
            "gpu_temp": 79.82191614478234,
            "flux_capacitor_charge": 0.8851773674279816,
            "goal_y": 5
        },
        "0": {
            "motor_temp": 45.0,
            "task": "observing",
            "risk_level": 2.3399048018027853,
            "battery": 29.42456940786106,
            "gpu_load": 0.12502788446295043,
            "goal_x": 0.0,
            "cpu_temp": 79.94029595470985,
            "ram": 7.589432476108021,
            "has_become_skynet": false,
            "cellular_strength": -67.85186847615734,
            "y": 0.0,
            "cpu_load": 0.2835659700367502,
            "wifi_strength": -45.0,
            "x": 0.0,
            "gpu_temp": 68.85936255709363,
            "flux_capacitor_charge": 0.869760882493255,
            "goal_y": 0.0
        },
        "3": {
            "motor_temp": 45.0,
            "task": "observing",
            "risk_level": 8.230928695459035,
            "battery": 9.397009795086735,
            "gpu_load": 0.05080380283067726,
            "goal_x": 5,
            "cpu_temp": 20.626293945185882,
            "ram": 1.7387453487910434,
            "has_become_skynet": false,
            "cellular_strength": -51.56146345344595,
            "y": 5.0,
            "cpu_load": 0.6319865687572935,
            "wifi_strength": -35.0,
            "x": 5.0,
            "gpu_temp": 34.621809864329805,
            "flux_capacitor_charge": -0.7914177757786102,
            "goal_y": 5
        },
        "2": {
            "motor_temp": 45.0,
            "task": "becoming_skynet",
            "risk_level": 9.95664812201293,
            "battery": 23.27997499935423,
            "gpu_load": 0.36116151007131014,
            "goal_x": 5,
            "cpu_temp": 39.26059436671871,
            "ram": 6.361401191238578,
            "has_become_skynet": false,
            "cellular_strength": -71.42623782047366,
            "y": 5.0,
            "cpu_load": 0.7641532540835583,
            "wifi_strength": -35.0,
            "x": 5.0,
            "gpu_temp": 63.36633755977076,
            "flux_capacitor_charge": 0.08676586295400095,
            "goal_y": 5
        },
        "5": {
            "motor_temp": 45.0,
            "task": "reporting",
            "risk_level": 0.18567036460856734,
            "battery": 34.918923330098494,
            "gpu_load": 0.34596930564941186,
            "goal_x": 5,
            "cpu_temp": 56.6788949045693,
            "ram": 1.4761451956264515,
            "has_become_skynet": false,
            "cellular_strength": -72.70502485598155,
            "y": 5.0,
            "cpu_load": 0.7171400587696591,
            "wifi_strength": -35.0,
            "x": 5.0,
            "gpu_temp": 32.97725420877691,
            "flux_capacitor_charge": -0.226485359873093,
            "goal_y": 5
        },
        "4": {
            "motor_temp": 45.0,
            "task": "observing",
            "risk_level": 3.5347083264911845,
            "battery": 14.943022007634223,
            "gpu_load": 0.49631491684454665,
            "goal_x": 5,
            "cpu_temp": 28.998043406663278,
            "ram": 2.426393018265567,
            "has_become_skynet": false,
            "cellular_strength": -66.75944062465119,
            "y": 5.0,
            "cpu_load": 0.815753503725296,
            "wifi_strength": -35.0,
            "x": 5.0,
            "gpu_temp": 20.015919259466664,
            "flux_capacitor_charge": -0.9419755612704358,
            "goal_y": 5
        }
    },
    "t0": 1460098387.928431
}